,Unnamed: 0,comics,id,name
0,0,12,1011334,3-D Man
1,1,3,1017100,A-Bomb (HAS)
2,2,49,1009144,A.I.M.
3,3,14,1010699,Aaron Stack
4,4,53,1009146,Abomination (Emil Blonsky)
5,5,2,1016823,Abomination (Ultimate)
6,6,91,1009148,Absorbing Man
7,7,8,1009149,Abyss
8,8,3,1010903,Abyss (Age of Apocalypse)
9,9,0,1011266,Adam Destine
10,10,188,1010354,Adam Warlock
11,11,0,1010846,Aegis (Trey Rollins)
12,12,17,1011297,Agent Brand
13,13,18,1011031,Agent X (Nijo)
14,14,28,1009150,Agent Zero
15,15,43,1011198,Agents of Atlas
16,16,0,1011175,Aginar
17,17,4,1011136,Air-Walker (Gabriel Lan)
18,18,4,1011176,Ajak
19,19,0,1010870,Ajaxis
20,20,0,1011194,Akemi
21,21,0,1011170,Alain
22,22,0,1009240,Albert Cleary
23,23,1,1011120,Albion
24,24,18,1010836,Alex Power
25,25,9,1010755,Alex Wilder
26,26,0,1011214,Alexa Mendez
27,27,1,1009497,Alexander Pierce
28,28,0,1014990,Alice
29,29,60,1009435,Alicia Masters
30,30,207,1010370,Alpha Flight
31,31,2,1011324,Alpha Flight (Ultimate)
32,32,0,1011164,Alvin Maker
33,33,146,1011227,Amadeus Cho
34,34,0,1009567,Amanda Sefton
35,35,0,1011382,Amazoness
36,36,5,1011361,American Eagle (Jason Strongbow)
37,37,12,1009151,Amiko
38,38,8,1010672,Amora
39,39,4,1010673,Amphibian (Earth-712)
40,40,0,1010905,Amun
41,41,29,1009152,Ancient One
42,42,2,1016824,Ancient One (Ultimate)
43,43,10,1011396,Angel (Thomas Halloway)
44,44,19,1011338,Angel (Ultimate)
45,45,110,1009153,Angel (Warren Worthington III)
46,46,34,1017574,Angela (Aldrif Odinsdottir)
47,47,0,1010674,Anita Blake
48,48,0,1009346,Anne Marie Hoag
49,49,65,1009154,Annihilus
50,50,3,1011301,Anole
51,51,42,1010802,Ant-Man (Eric O'Grady)
52,52,114,1010801,Ant-Man (Scott Lang)
53,53,11,1011208,Anthem
54,54,111,1009156,Apocalypse
55,55,3,1011253,Apocalypse (Ultimate)
56,56,0,1010866,Aqueduct
57,57,6,1010773,Arachne
58,58,20,1017438,Araña
59,59,30,1009158,Arcade
60,60,2,1010686,Arcana
61,61,562,1009159,Archangel
62,62,14,1009160,Arclight
63,63,65,1010784,Ares
64,64,0,1011275,Argent
65,65,1,1011012,Armadillo
66,66,23,1011298,Armor (Hisako Ichiki)
67,67,1,1010827,Armory
68,68,22,1009740,Arnim Zola
69,69,0,1010748,Arsenic
70,70,0,1009161,Artiee
71,71,0,1010718,Asgardian
72,72,0,1009162,Askew-Tronics
73,73,0,1010835,Asylum
74,74,8,1010336,Atlas (Team)
75,75,70,1009163,Aurora
76,76,40,1009164,Avalanche
77,77,1884,1009165,Avengers
78,78,39,1015239,Avengers (Ultimate)
79,79,3,1011766,Azazel (Mutant)
80,80,179,1009168,Banshee
81,81,151,1009596,Banshee (Theresa Rourke)
82,82,45,1009169,Baron Strucker
83,83,37,1009170,Baron Zemo (Heinrich Zemo)
84,84,26,1010906,Baron Zemo (Helmut Zemo)
85,85,1,1011137,Baroness S'Bak
86,86,5,1011354,Barracuda
87,87,0,1009550,Bart Rozum
88,88,37,1009171,Bastion
89,89,30,1009172,Batroc the Leaper
90,90,2,1009173,Battering Ram
91,91,17,1009174,Beak
92,92,810,1009175,Beast
93,93,0,1010909,Beast (Earth-311)
94,94,49,1010908,Beast (Ultimate)
95,95,0,1009176,Becatron
96,96,8,1009177,Bedlam
97,97,1,1009178,Beef
98,98,19,1009179,Beetle (Abner Jenkins)
99,99,45,1009329,Ben Grimm
100,0,1,1011409,Nine-Fold Daughters of Xao
101,1,7,1010797,Nitro
102,2,33,1009474,Nocturne
103,3,22,1009475,Nomad
104,4,16,1011427,Nomad (Rikki Barnes)
105,5,4,1010955,Nomad (Steve Rogers)
106,6,192,1009325,Norman Osborn
107,7,0,1010063,Norrin Radd
108,8,95,1009476,Northstar
109,9,179,1009477,Nova
110,10,7,1010956,Nova (Frankie Raye)
111,11,66,1017078,Nova (Sam Alexander)
112,12,0,1016837,Nova (USM)
113,13,12,1010707,Nuke
114,14,4,1009620,Obadiah Stane
115,15,213,1009480,Odin
116,16,7,1009481,Ogun
117,17,3,1017840,Okoye
118,18,13,1010882,Old Lace
119,19,10,1010757,Omega Flight
120,20,55,1009482,Omega Red
121,21,1,1011329,Omega Sentinel
122,22,6,1011123,Omega the Unknown
123,23,45,1009483,Onslaught
124,24,0,1011255,Onslaught (Ultimate)
125,25,20,1009484,Oracle
126,26,12,1011202,Ord
127,27,14,1009485,Orphan
128,28,2,1010957,Orphan-Maker
129,29,3,1009479,Otto Octavius
130,30,3,1011228,Outlaw Kid
131,31,0,1010332,Overlord
132,32,17,1011028,Owl
133,33,15,1009488,Ozymandias
134,34,4,1011150,Paibok
135,35,24,1010873,Paladin
136,36,2,1010708,Pandemic
137,37,3,1011321,Paper Doll
138,38,1,1010357,Patch
139,39,81,1009492,Patriot
140,40,0,1011351,Payback
141,41,67,1009493,Penance (Robert Baldwin)
142,42,84,1009494,Pepper Potts
143,43,10,1009495,Pestilence
144,44,13,1011388,Pet Avengers
145,45,20,1010779,Pete Wisdom
146,46,193,1009491,Peter Parker
147,47,7,1010734,Peter Quill
148,48,3,1011021,Phalanx
149,49,3,1011419,Phantom Reporter
150,50,4,1017839,Phil Coulson (Phil Coulson)
151,51,8,1011369,Phil Sheldon
152,52,31,1011045,Photon
153,53,2,1010741,Phyla-Vell
154,54,6,1010886,Piledriver
155,55,18,1010762,Pip
156,56,39,1011179,Pixie
157,57,2,1009498,Plazm
158,58,259,1009499,Polaris
159,59,13,1009501,Post
160,60,0,1016840,Power Man (USM)
161,61,127,1010770,Power Pack
162,62,3,1011151,Praxagora
163,63,3,1011152,Preak
164,64,3,1009502,Pretty Boy
165,65,10,1011104,Pride
166,66,0,1014989,Prima
167,67,11,1011234,Prince of Orphans
168,68,0,1010750,Princess Powerful
169,69,5,1009503,Prism
170,70,21,1011030,Prodigy
171,71,0,1011153,Proemial Gods
172,72,0,1011378,Professor Monster
173,73,422,1009504,Professor X
174,74,16,1010958,Professor X (Ultimate)
175,75,16,1009505,Proteus
176,76,0,1010960,Proteus (House of M)
177,77,5,1010959,Proteus (Ultimate)
178,78,5,1009506,Proudstar
179,79,25,1009507,Prowler
180,80,0,1010961,Prowler (Rick Lawson)
181,81,11,1009511,Psycho-Man
182,82,404,1009512,Psylocke
183,83,4,1009510,PsyNapse
184,84,60,1009513,Puck
185,85,12,1010962,Puck (Zuzha Yu)
186,86,0,1010865,Puff Adder
187,87,0,1011165,pug
188,88,31,1009514,Puma
189,89,721,1009515,Punisher
190,90,6,1009517,Punisher (2099)
191,91,0,1017306,Punisher (Marvel: Avengers Alliance)
192,92,41,1009519,Puppet Master
193,93,13,1011207,Purifiers
194,94,25,1009520,Purple Man
195,95,52,1009522,Pyro
196,96,39,1014528,Quake (Daisy Johnson)
197,97,101,1009523,Quasar (Phyla-Vell)
198,98,37,1010778,Quasar (Wendell Vaughn)
199,99,10,1010334,Quasimodo
200,0,0,1011191,Queen Noir
201,1,48,1009387,Quentin Quire
202,2,372,1009524,Quicksilver
203,3,4,1010964,Quicksilver (Age of Apocalypse)
204,4,32,1010963,Quicksilver (Ultimate)
205,5,88,1009430,Rachel Grey
206,6,26,1009526,Radioactive Man
207,7,0,1011280,Rafael Vega
208,8,33,1010817,Rage
209,9,0,1009527,Raider
210,10,7,1009528,Randall
211,11,1,1011326,Randall Flagg
212,12,2,1010767,Random
213,13,0,1010838,Rattler
214,14,5,1011154,Ravenous
215,15,125,1010892,Rawhide Kid
216,16,35,1009531,Raza
217,17,18,1009532,Reaper
218,18,16,1009533,Reavers
219,19,2,1015000,Reavers (Ultimate)
220,20,0,1011249,Red 9
221,21,15,1009534,Red Ghost
222,22,0,1011238,Red Ghost (Ultimate)
223,23,99,1011360,Red Hulk
224,24,0,1017099,Red Hulk (HAS)
225,25,40,1011436,Red She-Hulk
226,26,2,1011155,Red Shift
227,27,179,1009535,Red Skull
228,28,0,1010965,Red Skull (Albert Malik)
229,29,24,1010837,Red Wolf
230,30,22,1011390,Redwing
231,31,50,1011376,Reptil
232,32,1,1011189,Retro Girl
233,33,1,1011330,Revanche
234,34,72,1009537,Rhino
235,35,12,1009702,Rhodey
236,36,0,1011401,Richard Fisk
237,37,183,1009379,Rick Jones
238,38,0,1015006,Rick Jones (Ultimate)
239,39,7,1011348,Ricochet
240,40,111,1009542,Rictor
241,41,11,1009543,Riptide
242,42,13,1009544,Risque
243,43,66,1009545,Robbie Robertson
244,44,0,1010792,Robert Baldwin 
245,45,0,1009235,Robin Chapel
246,46,88,1010744,Rocket Raccoon
247,47,0,1017314,Rocket Raccoon (Marvel Heroes)
248,48,1,1010769,Rocket Racer
249,49,26,1010692,Rockslide
250,50,616,1009546,Rogue
251,51,9,1010967,Rogue (Age of Apocalypse)
252,52,0,1017319,Rogue (Deadpool)
253,53,36,1010966,Rogue (Ultimate)
254,54,0,1017478,Rogue (X-Men: Battle of the Atom)
255,55,10,1010781,Roland Deschain
256,56,23,1011398,Romulus
257,57,56,1010344,Ronan
258,58,7,1011117,Roughhouse
259,59,1,1009549,Roulette
260,60,0,1009595,Roxanne Simpson
261,61,8,1009311,Rumiko Fujikawa
262,62,130,1010747,Runaways
263,63,0,1009551,Russian
264,64,159,1009552,S.H.I.E.L.D.
265,65,21,1009553,Sabra
266,66,302,1009554,Sabretooth
267,67,21,1010969,Sabretooth (Age of Apocalypse)
268,68,1,1010970,Sabretooth (House of M)
269,69,23,1010968,Sabretooth (Ultimate)
270,70,31,1009555,Sage
271,71,4,1011325,Salem's Seven (Ultimate)
272,72,7,1011126,Sally Floyd
273,73,1,1011156,Salo
274,74,122,1009558,Sandman
275,75,2,1010711,Santa Claus
276,76,0,1009559,Saracen (Muzzafar Lambert)
277,77,94,1009560,Sasquatch (Walter Langkowski)
278,78,34,1011035,Satana
279,79,54,1009561,Sauron
280,80,11,1011048,Scalphunter
281,81,13,1010861,Scarecrow (Ebenezer Laughton)
282,82,78,1011197,Scarlet Spider (Ben Reilly)
283,83,83,1011426,Scarlet Spider (Kaine)
284,84,524,1009562,Scarlet Witch
285,85,0,1010972,Scarlet Witch (Age of Apocalypse)
286,86,0,1017308,Scarlet Witch (Marvel Heroes)
287,87,29,1010971,Scarlet Witch (Ultimate)
288,88,9,1010790,Scorpion (Carmilla Black)
289,89,1,1011079,Scorpion (Ultimate)
290,90,9,1009565,Scourge
291,91,2,1011230,Scrambler
292,92,9,1009566,Scream (Donna Diego)
293,93,9,1011242,Screwball
294,94,37,1009581,Sebastian Shaw
295,95,42,1011368,Secret Warriors
296,96,27,1009568,Selene
297,97,1,1009569,Senator Kelly
298,98,65,1009570,Sentinel
299,99,58,1011323,Sentinels
300,0,108,1009571,Sentry (Robert Reynolds)
301,1,1,1011167,Ser Duncan
302,2,8,1009572,Serpent Society
303,3,46,1010345,Sersi
304,4,24,1009573,Shadow King
305,5,2,1010973,Shadow King (Age of Apocalypse)
306,6,14,1009574,Shadowcat
307,7,10,1010975,Shadowcat (Age of Apocalypse)
308,8,9,1010974,Shadowcat (Ultimate)
309,9,1,1011406,Shadu the Shady
310,10,10,1009575,Shalla-bal
311,11,46,1009576,Shaman
312,12,0,1014979,Shane Yamada-Jones
313,13,216,1009577,Shang-Chi
314,14,8,1015001,Shang-Chi (Ultimate)
315,15,64,1009578,Shanna the She-Devil
316,16,5,1010712,Shape
317,17,28,1009579,Shard
318,18,112,1009228,Sharon Carter
319,19,9,1010895,Sharon Ventura
320,20,135,1009580,Shatterstar
321,21,0,1017111,She-Hulk (HAS)
322,22,452,1009583,She-Hulk (Jennifer Walters)
323,23,23,1011392,She-Hulk (Lyra)
324,24,0,1017331,She-Hulk (Marvel War of Heroes)
325,25,2,1011393,She-Hulk (Ultimate)
326,26,0,1015035,Shen
327,27,0,1011168,Sheva Callister
328,28,13,1011093,Shi'Ar
329,29,0,1011381,Shinko Yamashiro
330,30,5,1009582,Shinobi Shaw
331,31,6,1009584,Shiva
332,32,1,1011394,Shiver Man
333,33,38,1009585,Shocker (Herman Schultz)
334,34,5,1010858,Shockwave
335,35,1,1010824,Shooting Star
336,36,4,1009586,Shotgun
337,37,7,1009587,Shriek
338,38,170,1009588,Sif
339,39,5,1010848,Silhouette
340,40,0,1010856,Silk Fever
341,41,0,1010339,Silver Centurion
342,42,13,1009589,Silver Fox
343,43,71,1009590,Silver Sable
344,44,38,1009591,Silver Samurai
345,45,13,1010976,Silver Samurai (Age of Apocalypse)
346,46,519,1009592,Silver Surfer
347,47,21,1010864,Silverclaw
348,48,16,1009594,Silvermane
349,49,58,1010898,Sin
350,50,26,1011265,Sinister Six
351,51,0,1014975,Sir Ram
352,52,0,1010834,Siren (Earth-93060)
353,53,7,1010745,Sister Grimm
354,54,74,1011223,Skaar
355,55,0,1017101,Skaar (HAS)
356,56,12,1009598,Skin
357,57,5,1011157,Skreet
358,58,131,1009599,Skrulls
359,59,2,1015002,Skrulls (Ultimate)
360,60,3,1009600,Skullbuster (Cylla Markham)
361,61,30,1011057,Slapstick
362,62,1,1011070,Slayback
363,63,6,1009601,Sleeper
364,64,13,1010761,Sleepwalker
365,65,5,1009602,Slipstream
366,66,1,1010874,Slyde
367,67,17,1009603,Smasher (Vril Rokk)
368,68,0,1010845,Smiling Tiger
369,69,48,1009606,Snowbird
370,70,19,1010855,Solo (James Bourne)
371,71,43,1010693,Songbird
372,72,22,1011373,Sons of the Tiger
373,73,0,1009607,Spacker Dave
374,74,27,1010705,Spectrum
375,75,12,1010833,Speed
376,76,7,1011032,Speed Demon
377,77,35,1010694,Speedball (Robert Baldwin)
378,78,7,1009605,Spencer Smythe
379,79,0,1011366,Sphinx (Anath-Na Mut)
380,80,0,1010727,Spider-dok
381,81,57,1009157,Spider-Girl (Anya Corazon)
382,82,188,1009609,Spider-Girl (May Parker)
383,83,103,1017603,Spider-Gwen (Spider-Gwen)
384,84,45,1011347,Spider-Ham (Larval Earth)
385,85,3919,1009610,Spider-Man
386,86,44,1011054,Spider-Man (1602)
387,87,58,1014873,Spider-Man (2099)
388,88,15,1016452,Spider-Man (Ai Apaec)
389,89,34,1014858,Spider-Man (Ben Reilly)
390,90,0,1012200,Spider-Man (House of M)
391,91,0,1017332,Spider-Man (LEGO Marvel Super Heroes)
392,92,8,1011114,Spider-Man (Marvel Zombies)
393,93,0,1017305,Spider-Man (Marvel: Avengers Alliance)
394,94,260,1016181,Spider-Man (Miles Morales)
395,95,11,1012295,Spider-Man (Noir)
396,96,0,1011377,Spider-Man (Takuya Yamashiro)
397,97,272,1011010,Spider-Man (Ultimate)
398,98,11,1010795,Spider-Woman (Charlotte Witter)
399,99,252,1009608,Spider-Woman (Jessica Drew)
400,0,16,1010794,Spider-Woman (Mattie Franklin)
401,1,50,1009614,Spiral (Rita Wayword)
402,2,0,1011158,Spirit
403,3,30,1010899,Spitfire
404,4,16,1009616,Spot
405,5,0,1011180,Sprite
406,6,0,1009617,Spyke
407,7,9,1014905,Squadron Sinister
408,8,52,1010814,Squadron Supreme (Earth-712)
409,9,113,1010860,Squirrel Girl
410,10,37,1009618,Stacy X
411,11,2,1015003,Stacy X (Ultimate)
412,12,31,1011307,Star Brand
413,13,93,1010733,Star-Lord (Peter Quill)
414,14,9,1009621,Starbolt
415,15,2,1010764,Stardust
416,16,38,1011084,Starfox
417,17,29,1011341,Starhawk (Stakar Ogord)
418,18,25,1011078,Starjammers
419,19,0,1009622,Stark Industries
420,20,32,1010828,Stature
421,21,16,1010889,Steel Serpent (Davos)
422,22,2,1011159,Stellaris
423,23,39,1009625,Stepford Cuckoos
424,24,0,1009615,Stephanie de la Spiroza
425,25,10,1010901,Stephen Strange
426,26,42,1010326,Steve Rogers
427,27,17,1009626,Stick
428,28,10,1009627,Stilt-Man (Wibur Day)
429,29,31,1009628,Stingray (Walter Newell)
430,30,0,1010327,Stone Men
431,31,829,1009629,Storm
432,32,12,1010979,Storm (Age of Apocalypse)
433,33,0,1017309,Storm (Marvel Heroes)
434,34,65,1010978,Storm (Ultimate)
435,35,7,1011062,Stranger
436,36,58,1011051,Strong Guy
437,37,49,1009632,Stryfe
438,38,0,1011225,Stryfe (Ultimate)
439,39,574,1010791,Sub-Mariner
440,40,40,1009631,Sue Storm
441,41,4,1011212,Sugar Man
442,42,4,1009635,Sumo
443,43,84,1009636,Sunfire
444,44,7,1010981,Sunfire (Age of Apocalypse)
445,45,9,1009637,Sunset Bain
446,46,195,1009638,Sunspot
447,47,16,1015280,Super Hero Squad
448,48,12,1011022,Super-Adaptoid
449,49,31,1009639,Super-Skrull
450,50,11,1011232,Supernaut
451,51,15,1011160,Supreme Intelligence
452,52,22,1010695,Surge
453,53,0,1011172,Susan Delgado
454,54,2,1011075,Swarm
455,55,0,1011017,Sway
456,56,4,1009640,Switch
457,57,60,1009641,Swordsman
458,58,4,1010982,Swordsman (Jaques Duquesne)
459,59,2,1009642,Sym
460,60,15,1009643,Synch
461,61,8,1009644,T'Challa
462,62,10,1011042,Tag
463,63,10,1009646,Talisman (Elizabeth Twoyoungmen)
464,64,6,1010753,Talkback (Chase Stein)
465,65,1,1011395,Talon (Fraternity of Raptors)
466,66,1,1011161,Talos
467,67,6,1011149,Tana Nile
468,68,6,1010713,Tarantula (Luis Alvarez)
469,69,5,1009647,Tarot
470,70,93,1009648,Taskmaster
471,71,0,1011115,Tattoo
472,72,0,1011000,Ted Forrester
473,73,23,1009650,Tempest
474,74,2,1011162,Tenebrous
475,75,27,1009651,Terrax
476,76,11,1011034,Terror
477,77,3,1010819,Texas Twister
478,78,12,1011003,Thaddeus Ross
479,79,268,1009652,Thanos
480,80,5,1015004,Thanos (Ultimate)
481,81,0,1011083,The 198
482,82,2,1009653,The Anarchist
483,83,0,1009654,The Call
484,84,0,1010714,The Captain
485,85,2,1011294,The Enforcers
486,86,0,1010728,The Executioner
487,87,0,1009655,The Fallen
488,88,1,1011219,The Fury
489,89,41,1010359,The Hand
490,90,39,1010715,The Hood
491,91,4,1011295,The Howling Commandos
492,92,0,1014986,The Hunter
493,93,18,1010998,The Initiative
494,94,0,1017103,The Leader (HAS)
495,95,1,1011216,The Liberteens
496,96,0,1011215,The Liberty Legion
497,97,18,1011018,The Order
498,98,0,1009656,The Phantom
499,99,6,1009657,The Professor
500,0,2,1011211,The Renegades
501,1,0,1011110,The Santerians
502,2,0,1009658,The Shiver Man
503,3,0,1009659,The Spike
504,4,11,1009660,The Stranger
505,5,13,1011112,The Twelve
506,6,14,1009661,The Watchers
507,7,8,1011181,Thena
508,8,931,1009662,Thing
509,9,0,1017313,Thing (Marvel Heroes)
510,10,49,1010983,Thing (Ultimate)
511,11,1758,1009664,Thor
512,12,55,1017576,Thor (Goddess of Thunder)
513,13,0,1017106,Thor (MAA)
514,14,0,1017315,Thor (Marvel Heroes)
515,15,0,1017328,Thor (Marvel War of Heroes)
516,16,0,1017302,Thor (Marvel: Avengers Alliance)
517,17,54,1011025,Thor (Ultimate)
518,18,16,1010820,Thor Girl
519,19,14,1010885,Thunderball
520,20,33,1009666,Thunderbird (John Proudstar)
521,21,36,1009667,Thunderbird (Neal Shaara)
522,22,1,1009668,Thunderbolt (Bill Carver)
523,23,18,1014812,Thunderbolt Ross
524,24,268,1010360,Thunderbolts
525,25,16,1011304,Thundra
526,26,24,1009669,Tiger Shark
527,27,9,1011237,Tiger's Beautiful Daughter
528,28,124,1009670,Tigra (Greer Nelson)
529,29,0,1010857,Timeslip
530,30,13,1011345,Tinkerer
531,31,7,1011960,Tippy Toe
532,32,41,1010669,Titania
533,33,29,1009672,Titanium Man (Topolov)
534,34,48,1009673,Toad
535,35,2,1009674,Toad Men
536,36,0,1011166,Tomas
537,37,40,1009675,Tombstone
538,38,11,1010328,Tomorrow Man
539,39,45,1009624,Tony Stark
540,40,33,1011309,Toro (Thomas Raymond)
541,41,7,1009676,Toxin
542,42,69,1009692,Toxin (Eddie Brock)
543,43,19,1010822,Trauma
544,44,41,1010825,Triathlon
545,45,0,1009671,Trish Tilby
546,46,65,1010335,Triton
547,47,5,1011352,True Believers
548,48,8,1011047,Turbo
549,49,6,1009678,Tusk
550,50,135,1010852,Two-Gun Kid
551,51,6,1009679,Tyger Tiger
552,52,37,1010369,Typhoid Mary
553,53,14,1009680,Tyrannus
554,54,4,1011315,U-Foes
555,55,14,1009681,U-Go Girl
556,56,57,1009682,U.S. Agent
557,57,72,1009683,Uatu The Watcher
558,58,41,1010358,Ulik
559,59,19,1016825,Ultimate Spider-Man (USM)
560,60,126,1010803,Ultimates
561,61,17,1009684,Ultimatum
562,62,7,1011311,Ultimo
563,63,1,1011125,Ultra-Adaptoid
564,64,1,1010847,Ultragirl (Earth-93060)
565,65,116,1009685,Ultron
566,66,17,1009686,Umar
567,67,7,1010862,Unicorn
568,68,4,1010985,Union Jack (Brian Falsworth)
569,69,22,1010696,Union Jack (Joseph Chapman)
570,70,19,1010984,Union Jack (Montgomery Falsworth)
571,71,12,1009687,Unus
572,72,1,1010987,Unus (Age of Apocalypse)
573,73,0,1010988,Unus (House of M)
574,74,0,1010986,Unus (Ultimate)
575,75,66,1009525,Valeria Richards
576,76,17,1010350,Valkyrie (Samantha Parrington)
577,77,9,1011239,Valkyrie (Ultimate)
578,78,0,1011182,Vampiro
579,79,31,1011342,Vance Astro
580,80,0,1010989,Vanisher (Age of Apocalypse)
581,81,12,1011365,Vanisher (Telford Porter)
582,82,3,1009689,Vanisher (Ultimate)
583,83,0,1011316,Vapor
584,84,15,1009690,Vargas
585,85,0,1010872,Vector
586,86,11,1011231,Veda
587,87,36,1009691,Vengeance (Michael Badilino)
588,88,112,1009663,Venom (Flash Thompson)
589,89,24,1010788,Venom (Mac Gargan)
590,90,8,1011128,Venom (Ultimate)
591,91,7,1011106,Venus (Siren)
592,92,10,1009693,Venus Dee Milo
593,93,15,1010353,Vermin (Edward Whelan)
594,94,28,1009694,Vertigo (Savage Land Mutate)
595,95,9,1011066,Victor Mancha
596,96,39,1010324,Victor Von Doom
597,97,4,1011261,Vin Gonzales
598,98,30,1009695,Vindicator
599,99,0,1010666,Violations
600,0,49,1009696,Viper
601,1,7,1010697,Virginia Dare
602,2,549,1009697,Vision
603,3,16,1009698,Vivisector
604,4,20,1011011,Vulcan (Gabriel Summers)
605,5,97,1009699,Vulture (Adrian Toomes)
606,6,1,1010990,Vulture (Blackie Drago)
607,7,10,1010849,Wallflower
608,8,0,1011267,Wallop
609,9,0,1009700,Wallow
610,10,13,1009701,War (Abraham Kieros)
611,11,0,1017322,War Machine (Iron Man 3 - The Official Game)
612,12,0,1017304,War Machine (Marvel: Avengers Alliance)
613,13,1,1010991,War Machine (Parnell Jacobs)
614,14,3,1011226,War Machine (Ultimate)
615,15,31,1009703,Warbird
616,16,5,1011121,Warbound
617,17,7,1010372,Warhawk (Mitchell Tanner)
618,18,0,1009704,Warlock (Janie Chin)
619,19,25,1011287,Warlock (Technarchy)
620,20,214,1009705,Warpath
621,21,1,1010668,Warren Worthington III
622,22,9,1009706,Warstar
623,23,412,1009707,Wasp
624,24,28,1010992,Wasp (Ultimate)
625,25,9,1011133,Weapon Omega
626,26,47,1009709,Weapon X
627,27,6,1011402,Wendell Rand
628,28,0,1010742,Wendell Vaughn
629,29,21,1009710,Wendigo
630,30,84,1010765,Werewolf By Night
631,31,11,1009711,Whiplash (Mark Scarlotti)
632,32,33,1010348,Whirlwind
633,33,0,1010342,Whistler
634,34,0,1009712,White Queen (Adrienne Frost)
635,35,50,1010853,White Tiger (Angela Del Toro)
636,36,0,1016838,White Tiger (USM)
637,37,2,1011425,Whizzer (Stanley Stewart)
638,38,55,1009714,Wiccan
639,39,32,1009715,Wild Child
640,40,8,1010994,Wild Child (Age of Apocalypse)
641,41,8,1011067,Wild Pack
642,42,19,1009716,Wildside
643,43,11,1009633,William Stryker
644,44,0,1010680,Wilson Fisk
645,45,15,1011009,Wind Dancer
646,46,208,1010740,Winter Soldier
647,47,10,1011043,Wither
648,48,0,1011290,Wolf Cub
649,49,14,1011281,Wolfpack
650,50,128,1009717,Wolfsbane
651,51,1,1010995,Wolfsbane (Age of Apocalypse)
652,52,0,1010729,Wolver-dok
653,53,2470,1009718,Wolverine
654,54,0,1017297,Wolverine (LEGO Marvel Super Heroes)
655,55,0,1017325,Wolverine (Marvel War of Heroes)
656,56,98,1011006,Wolverine (Ultimate)
657,57,0,1017479,Wolverine (X-Men: Battle of the Atom)
658,58,260,1009719,Wonder Man
659,59,89,1009720,Wong
660,60,3,1015005,Wong (Ultimate)
661,61,13,1010737,Wraith
662,62,12,1010884,Wrecker
663,63,15,1010883,Wrecking Crew
664,64,219,1009722,X-23
665,65,0,1010804,X-51
666,66,14,1011418,X-Babies
667,67,4,1009723,X-Cutioner
668,68,195,1010738,X-Factor
669,69,14,1010739,X-Factor Investigations
670,70,305,1009724,X-Force
671,71,110,1009725,X-Man
672,72,3432,1009726,X-Men
673,73,198,1011109,X-Men (Ultimate)
674,74,0,1010875,X-Ray (James Darnell)
675,75,41,1010806,X-Statix
676,76,0,1009732,X.S.E.
677,77,2,1011094,Xavin
678,78,22,1009734,Xorn (Kuan-Yin Xorn)
679,79,26,1009736,Yellow Claw
680,80,9,1010996,Yellowjacket (Rita DeMara)
681,81,68,1010698,Young Avengers
682,82,18,1011277,Young X-Men
683,83,15,1009738,Zaladane
684,84,22,1010841,Zaran
685,85,3,1010716,Zarda
686,86,0,1011163,Zarek
687,87,0,1009739,Zeigeist
688,88,15,1010780,Zemo
689,89,1,1011127,Zodiak
690,90,1,1009741,Zombie (Simon Garth)
691,91,3,1011183,Zuras
692,92,5,1009742,Zzzax
693,0,21,1009489,Ben Parker
694,1,17,1011346,Ben Reilly
695,2,53,1010782,Ben Urich
696,3,9,1010829,Bengal
697,4,44,1009180,Beta-Ray Bill
698,5,26,1010325,Betty Brant
699,6,68,1009548,Betty Ross
700,7,15,1011138,Beyonder
701,8,0,1011296,Bi-Beast
702,9,6,1010843,Big Bertha
703,10,2,1009181,Big Wheel
704,11,0,1011262,Bill Hollister
705,12,293,1009182,Bishop
706,13,1,1011224,Bishop (Ultimate)
707,14,0,1009183,Black Bird
708,15,161,1009184,Black Bolt
709,16,0,1017330,Black Bolt (Marvel War of Heroes)
710,17,166,1009185,Black Cat
711,18,5,1010910,Black Cat (Ultimate)
712,19,1,1010859,Black Crow
713,20,106,1009186,Black Knight (Sir Percy of Scandia)
714,21,645,1009187,Black Panther
715,22,8,1011130,Black Panther (Ultimate)
716,23,2,1010356,Black Queen
717,24,23,1010687,Black Tarantula
718,25,13,1009188,Black Tom
719,26,548,1009189,Black Widow
720,27,0,1017296,Black Widow (LEGO Marvel Super Heroes)
721,28,18,1010911,Black Widow (Ultimate)
722,29,1,1017109,Black Widow/Natasha Romanoff (MAA)
723,30,9,1009190,Blackheart
724,31,5,1010881,Blacklash
725,32,5,1011349,Blackout
726,33,92,1009191,Blade
727,34,36,1009195,Blastaar
728,35,3,1010830,Blazing Skull
729,36,24,1011291,Blindfold
730,37,63,1009197,Blink
731,38,13,1009198,Blizzard
732,39,76,1009199,Blob
733,40,14,1011132,Blob (Ultimate)
734,41,12,1009200,Blockbuster
735,42,6,1009201,Blok
736,43,3,1009202,Bloke
737,44,17,1011416,Blonde Phantom
738,45,5,1011073,Bloodaxe
739,46,5,1009203,Bloodscream
740,47,23,1009204,Bloodstorm
741,48,0,1010850,Bloodstrike
742,49,1,1011113,Blue Blade
743,50,32,1011339,Blue Marvel
744,51,1,1011264,Blue Shield
745,52,3,1010688,Blur
746,53,7,1011119,"Bob, Agent of Hydra"
747,54,67,1010366,Boom Boom
748,55,62,1009205,Boomer
749,56,40,1010371,Boomerang
750,57,7,1009206,Box
751,58,10,1011236,Bride of Nine Spiders (Immortal Weapons)
752,59,0,1014981,Bromley
753,60,45,1009208,Brood
754,61,10,1011090,Brother Voodoo
755,62,30,1009209,Brotherhood of Evil Mutants
756,63,13,1014973,Brotherhood of Mutants (Ultimate)
757,64,126,1009167,Bruce Banner
758,65,9,1009210,Brute
759,66,82,1009211,Bucky
760,67,3,1011038,Bug
761,68,7,1010887,Bulldozer
762,69,128,1009212,Bullseye
763,70,12,1009213,Bushwacker
764,71,8,1011101,Butterfly
765,72,423,1009214,Cable
766,73,38,1017317,Cable (Deadpool)
767,74,0,1017307,Cable (Marvel: Avengers Alliance)
768,75,2,1011252,Cable (Ultimate)
769,76,0,1017472,Cable (X-Men: Battle of the Atom)
770,77,11,1011209,Calamity
771,78,70,1009216,Caliban
772,79,33,1009217,Callisto
773,80,1,1010912,Callisto (Age of Apocalypse)
774,81,6,1009218,Calypso
775,82,4,1011139,Cammi
776,83,287,1009219,Cannonball
777,84,0,1011276,Cap'n Oz
778,85,2362,1009220,Captain America
779,86,3,1010914,Captain America (House of M)
780,87,0,1017295,Captain America (LEGO Marvel Super Heroes)
781,88,0,1017327,Captain America (Marvel War of Heroes)
782,89,54,1017575,Captain America (Sam Wilson)
783,90,75,1010913,Captain America (Ultimate)
784,91,0,1017105,Captain America/Steve Rogers (MAA)
785,92,172,1009223,Captain Britain
786,93,3,1010915,Captain Britain (Ultimate)
787,94,0,1011190,Captain Cross
788,95,0,1011196,Captain Flint
789,96,505,1010338,Captain Marvel (Carol Danvers)
790,97,62,1011096,Captain Marvel (Genis-Vell)
791,98,197,1009224,Captain Marvel (Mar-Vell)
792,99,36,1011095,Captain Marvel (Monica Rambeau)
793,0,10,1011097,Captain Marvel (Phyla-Vell)
794,1,0,1011355,Captain Midlands
795,2,10,1009225,Captain Stacy
796,3,24,1011027,Captain Universe
797,4,10,1011052,Cardiac
798,5,4,1010143,Caretaker
799,6,1,1009226,Cargill
800,7,69,1011258,Carlie Cooper
801,8,11,1009688,Carmella Unuscione
802,9,128,1009227,Carnage
803,10,7,1010916,Carnage (Ultimate)
804,11,31,1009261,Carol Danvers
805,12,0,1009344,Carol Hines
806,13,9,1009478,Cassandra Nova
807,14,1,1009230,Catseye
808,15,21,1009536,Cecilia Reyes
809,16,16,1010813,Celestials
810,17,12,1011039,Centennial
811,18,0,1011140,Centurions
812,19,7,1009231,Cerebro
813,20,2,1011141,Cerise
814,21,39,1009232,Ch'od
815,22,52,1009233,Chamber
816,23,39,1009234,Chameleon
817,24,43,1010756,Champions
818,25,0,1011015,Changeling
819,26,83,1009733,Charles Xavier
820,27,0,1011331,Charlie Campion
821,28,15,1010754,Chase Stein
822,29,0,1011359,Chat
823,30,6,1009237,Chimera
824,31,1,1011411,Chores MacGillicudy
825,32,2,1011187,Christian Walker
826,33,3,1009238,Chronomancer
827,34,20,1011270,ClanDestine
828,35,97,1009239,Clea
829,36,2,1014999,Clea (Ultimate)
830,37,34,1010809,Clint Barton
831,38,122,1009241,Cloak
832,39,20,1010823,Cloud 9
833,40,3,1011286,Cobalt Man
834,41,81,1010676,Colleen Wing
835,42,0,1010798,Colonel America
836,43,693,1009243,Colossus
837,44,64,1010917,Colossus (Ultimate)
838,45,1,1011410,Confederates of the Curious
839,46,34,1009245,Constrictor
840,47,1,1011407,Contessa (Vera Vidal)
841,48,8,1010346,Controller
842,49,0,1009246,Cornelius
843,50,28,1009247,Corsair
844,51,8,1011353,Cosmo (dog)
845,52,2,1011362,Cottonmouth
846,53,30,1009249,Count Nefaria
847,54,1,1009250,Countess
848,55,0,1011272,Crimson Crusader
849,56,40,1009251,Crimson Dynamo
850,57,0,1017323,Crimson Dynamo (Iron Man 3 - The Official Game)
851,58,0,1011169,Crimson King
852,59,51,1009252,Crossbones
853,60,7,1009253,Crule
854,61,3,1009254,Crusher Hogan
855,62,4,1014991,Crusher Hogan (Ultimate)
856,63,122,1009255,Crystal
857,64,1,1011268,Cuckoo
858,65,18,1009244,Curt Conners
859,66,0,1011174,Cuthbert
860,67,21,1009256,Cyber
861,68,973,1009257,Cyclops
862,69,67,1010918,Cyclops (Ultimate)
863,70,0,1017473,Cyclops (X-Men: Battle of the Atom)
864,71,20,1011385,Cypher
865,72,2,1011050,D'Ken Neramani
866,73,124,1009258,Dagger
867,74,3,1010774,Daily Bugle
868,75,53,1010719,Daimon Hellstrom
869,76,97,1011001,Daken
870,77,20,1011333,Dakota North
871,78,16,1009259,Damage Control
872,79,62,1009453,Dani Moonstar
873,80,1,1010776,Danny Rand
874,81,1168,1009262,Daredevil
875,82,0,1017292,Daredevil (LEGO Marvel Super Heroes)
876,83,0,1017312,Daredevil (Marvel Heroes)
877,84,22,1010919,Daredevil (Ultimate)
878,85,1,1011306,Dargo Ktor
879,86,79,1011367,Dark Avengers
880,87,10,1010907,Dark Beast
881,88,22,1009265,Dark Phoenix
882,89,10,1011387,Dark X-Men
883,90,51,1011020,Darkhawk
884,91,24,1009266,Darkstar
885,92,10,1011016,Darwin
886,93,206,1009267,Dazzler
887,94,16,1010920,Dazzler (Ultimate)
888,95,1,1010341,Deacon Frost
889,96,9,1011087,Dead Girl
890,97,845,1009268,Deadpool
891,98,0,1017316,Deadpool (Deadpool)
892,99,0,1017336,Deadpool (LEGO Marvel Super Heroes)
893,0,0,1017474,Deadpool (X-Men: Battle of the Atom)
894,1,29,1009269,Death
895,2,36,1009270,Deathbird
896,3,8,1011037,Deathcry
897,4,99,1010890,Deathlok
898,5,1,1014997,Deathstrike (Ultimate)
899,6,1,1009713,Debra Whitman
900,7,9,1010717,Debrii
901,8,3,1011188,Deena Pilgrim
902,9,208,1011023,Defenders
903,10,5,1011071,Demogoblin
904,11,37,1009271,Destiny
905,12,3,1009272,Detective Soap
906,13,7,1011107,Deviants
907,14,80,1017583,Devil Dinosaur (Devil Dinosaur)
908,15,0,1017102,Devil Dinosaur (HAS)
909,16,4,1011142,Devos
910,17,3,1011260,Dexter Bennett
911,18,28,1009273,Diablo
912,19,54,1009274,Diamondback (Rachel Leighton)
913,20,3,1011040,Dinah Soar
914,21,0,1010997,Dirk Anger
915,22,104,1009275,Doc Samson
916,23,411,1009281,Doctor Doom
917,24,12,1011103,Doctor Doom (Ultimate)
918,25,9,1011206,Doctor Faustus
919,26,155,1009276,Doctor Octopus
920,27,15,1010921,Doctor Octopus (Ultimate)
921,28,21,1010689,Doctor Spectrum
922,29,831,1009282,Doctor Strange
923,30,11,1011358,Doctor Strange (Ultimate)
924,31,9,1011235,Dog Brother #1
925,32,269,1009277,Domino
926,33,10,1010330,Donald Blake
927,34,3,1009278,Doomsday Man
928,35,39,1009279,Doop
929,36,5,1010879,Doorman
930,37,0,1011195,Dorian Gray
931,38,53,1009280,Dormammu
932,39,3,1014992,Dormammu (Ultimate)
933,40,0,1017300,Dr. Strange (Marvel: Avengers Alliance)
934,41,67,1010677,Dracula
935,42,3,1011247,Dragon Lord
936,43,36,1009283,Dragon Man
937,44,77,1010735,Drax
938,45,5,1010368,Dreadnoughts
939,46,3,1015007,Dreaming Celestial
940,47,0,1011322,Druig
941,48,64,1009284,Dum Dum Dugan
942,49,21,1009285,Dust
943,50,7,1009286,Earthquake
944,51,31,1010785,Echo
945,52,170,1010787,Eddie Brock
946,53,0,1009396,Eddie Lau
947,54,0,1010999,"Edward ""Ted"" Forrester"
948,55,105,1011072,Edwin Jarvis
949,56,16,1011060,Ego
950,57,88,1009287,Electro
951,58,7,1010922,Electro (Ultimate)
952,59,196,1009288,Elektra
953,60,11,1010923,Elektra (Ultimate)
954,61,1,1010355,Elements of Doom
955,62,1,1009290,Elite
956,63,26,1011082,Elixir
957,64,3,1011122,Elloe Kaifi
958,65,35,1010701,Elsa Bloodstone
959,66,392,1009310,Emma Frost
960,67,15,1009291,Empath
961,68,10,1009292,Emplate
962,69,25,1010671,Enchantress (Amora)
963,70,2,1011432,Enchantress (Sylvie Lushton)
964,71,5,1011313,Ender Wiggin
965,72,10,1010445,Energizer
966,73,0,1011065,Epoch
967,74,5,1009293,Erik the Red
968,75,52,1010807,Eternals
969,76,20,1011061,Eternity
970,77,199,1010771,Excalibur
971,78,146,1009294,Exiles
972,79,24,1009295,Exodus
973,80,0,1009296,Expediter
974,81,8,1011199,Ezekiel
975,82,17,1011317,Ezekiel Stane
976,83,3,1009248,Fabian Cortez
977,84,193,1009297,Falcon
978,85,0,1017110,Falcon/Sam Wilson (MAA)
979,86,0,1011143,Fallen One
980,87,15,1009298,Famine
981,88,1401,1009299,Fantastic Four
982,89,99,1011013,Fantastic Four (Ultimate)
983,90,1,1011111,Fantastick Four
984,91,62,1009301,Fantomex
985,92,16,1011233,Fat Cobra
986,93,3,1009335,Felicia Hardy
987,94,6,1009302,Fenris
988,95,6,1011213,Feral
989,96,27,1009303,Fin Fang Foom
990,97,34,1010868,Firebird
991,98,7,1009304,Firebrand
992,99,0,1014987,Firedrake
993,0,41,1009305,Firelord
994,1,106,1009306,Firestar
995,2,5,1011222,Firestar (Ultimate)
996,3,7,1010880,Fixer (Paul Norbert Ebersol)
997,4,5,1010863,Flatman
998,5,0,1010333,Flying Dutchman
999,6,88,1009470,Foggy Nelson
1000,7,28,1009307,Force Works
1001,8,22,1009308,Forearm
1002,9,146,1009309,Forge
1003,10,3,1014993,Forge (Ultimate)
1004,11,2,1011177,Forgotten One
1005,12,24,1009229,Frank Castle
1006,13,26,1011356,Frankenstein's Monster
1007,14,151,1009539,Franklin Richards
1008,15,6,1010980,Franklin Storm
1009,16,6,1011240,Freak
1010,17,19,1010799,Frightful Four
1011,18,20,1011389,Frog Thor
1012,19,2,1010670,Frog-Man
1013,20,0,1009377,Gabe Jones
1014,21,227,1009312,Galactus
1015,22,0,1011384,Galia
1016,23,480,1009313,Gambit
1017,24,0,1011201,Gamma Corps
1018,25,68,1010763,Gamora
1019,26,0,1017324,Gamora (Marvel War of Heroes)
1020,27,15,1010832,Gargoyle
1021,28,1,1012513,Gargoyle (Yuri Topolov)
1022,29,0,1011380,Garia
1023,30,19,1009383,Garrison Kane
1024,31,29,1009315,Gateway
1025,32,29,1009316,Gauntlet (Joseph Green)
1026,33,0,1011248,Geiger
1027,34,0,1009556,Gene Sailors
1028,35,100,1011285,Generation X
1029,36,16,1009317,Genesis
1030,37,1,1011098,Genis-Vell
1031,38,9,1014974,George Stacy (Ultimate)
1032,39,13,1010749,Gertrude Yorkes
1033,40,75,1010925,Ghost Rider (Daniel Ketch)
1034,41,291,1009318,Ghost Rider (Johnny Blaze)
1035,42,0,1017329,Ghost Rider (Marvel War of Heroes)
1036,43,2,1011221,Giant Girl
1037,44,58,1009320,Giant Man
1038,45,0,1010720,Giant-dok
1039,46,20,1010926,Giant-Man (Ultimate)
1040,47,22,1011055,Gideon
1041,48,0,1014982,Git Hoskins
1042,49,83,1009321,Gladiator (Kallark)
1043,50,9,1011256,Gladiator (Melvin Potter)
1044,51,7,1009645,Glenn Talbot
1045,52,11,1011144,Glorian
1046,53,9,1009322,Goblin Queen
1047,54,0,1011374,Golden Guardian
1048,55,28,1010927,Goliath (Bill Foster)
1049,56,64,1009324,Gorgon
1050,57,18,1010731,Gorilla Man
1051,58,11,1011076,Grandmaster
1052,59,35,1010702,Gravity
1053,60,12,1011041,Great Lakes Avengers
1054,61,12,1014985,Green Goblin (Barry Norman Osborn)
1055,62,11,1010928,Green Goblin (Harry Osborn)
1056,63,2,1010929,Green Goblin (Ultimate)
1057,64,0,1009326,Gressill
1058,65,28,1011420,Grey Gargoyle
1059,66,0,1011292,Greymalkin
1060,67,33,1009328,Grim Reaper
1061,68,37,1010743,Groot
1062,69,36,1009330,Guardian
1063,70,334,1011299,Guardians of the Galaxy
1064,71,0,1009331,Guardsmen
1065,72,0,1010709,Gunslinger
1066,73,22,1009207,GW Bridge
1067,74,77,1009619,Gwen Stacy
1068,75,27,1014994,Gwen Stacy (Ultimate)
1069,76,8,1011400,H.A.M.M.E.R.
1070,77,1,1009332,H.E.R.B.I.E.
1071,78,8,1011391,Hairball
1072,79,1,1009333,Half-Life (Tony Masterson)
1073,80,30,1009334,Hammerhead
1074,81,5,1014995,Hammerhead (Ultimate)
1075,82,241,1011490,Hank Pym
1076,83,2,1011091,Hannibal King
1077,84,18,1009348,Happy Hogan
1078,85,17,1010821,Hardball
1079,86,0,1011185,Harley Davidson Cooper
1080,87,13,1009336,Harpoon
1081,88,0,1011069,Harrier
1082,89,0,1009339,Harry Heck
1083,90,98,1009486,Harry Osborn
1084,91,10,1011218,Harry Osborn (Ultimate)
1085,92,3,1010816,Hate-Monger (Adolf Hitler)
1086,93,331,1009337,Havok
1087,94,633,1009338,Hawkeye
1088,95,82,1010808,Hawkeye (Kate Bishop)
1089,96,0,1017311,Hawkeye (Marvel Heroes)
1090,97,30,1011131,Hawkeye (Ultimate)
1091,98,0,1017108,Hawkeye/Clint Barton (MAA)
1092,99,1,1011046,Hedge Knight
1093,0,80,1010351,Hellcat (Patsy Walker)
1094,1,31,1009340,Hellfire Club
1095,2,2,1014996,Hellfire Club (Ultimate)
1096,3,27,1010678,Hellion
1097,4,7,1011044,Hellions (Squad)
1098,5,1,1009341,Hemingway
1099,6,14,1011371,Henry Peter Gyrich
1100,7,38,1009342,Hepzibah
1101,8,281,1009343,Hercules
1102,9,84,1010759,Heroes For Hire
1103,10,0,1011274,Hex
1104,11,38,1011300,High Evolutionary
1105,12,0,1010839,Hindsight Lad
1106,13,4,1010703,Hiroim
1107,14,5,1009345,Hitman
1108,15,0,1011383,Hitomi Sakuma
1109,16,9,1010930,Hobgoblin (Jason Macendale)
1110,17,3,1010931,Hobgoblin (Robin Borne)
1111,18,37,1009347,Hobgoblin (Roderick Kingsley)
1112,19,31,1009349,Holocaust (Age of Apocalypse)
1113,20,0,1009350,Holy
1114,21,101,1011428,Hope Summers
1115,22,0,1009557,Howard Saint
1116,23,108,1010373,Howard The Duck
1117,24,1657,1009351,Hulk
1118,25,0,1017098,Hulk (HAS)
1119,26,0,1017333,Hulk (LEGO Marvel Super Heroes)
1120,27,8,1011118,Hulk (Marvel Zombies)
1121,28,0,1017303,Hulk (Marvel: Avengers Alliance)
1122,29,27,1011005,Hulk (Ultimate)
1123,30,0,1010721,Hulk-dok
1124,31,0,1017107,Hulk/Bruce Banner (MAA)
1125,32,26,1009355,Hulkling
1126,33,2,1010343,Human Cannonball
1127,34,0,1011415,Human Fly (Richard Deacon)
1128,35,12,1010722,Human Robot
1129,36,1189,1009356,Human Torch
1130,37,53,1010932,Human Torch (Jim Hammond)
1131,38,55,1011102,Human Torch (Ultimate)
1132,39,5,1010675,Humbug
1133,40,40,1009357,Husk
1134,41,8,1009358,Hussar
1135,42,142,1009359,Hydra
1136,43,18,1009360,Hydro-Man
1137,44,35,1009361,Hyperion (Earth-712)
1138,45,3,1011246,Hypno-Hustler
1139,46,573,1009362,Iceman
1140,47,68,1010933,Iceman (Ultimate)
1141,48,0,1017475,Iceman (X-Men: Battle of the Atom)
1142,49,4,1011077,Ikaris
1143,50,16,1010758,Illuminati
1144,51,1,1009529,Ilyana Rasputin
1145,52,0,1011273,Imp
1146,53,0,1011089,Imperfects
1147,54,17,1009363,Imperial Guard
1148,55,24,1009364,Impossible Man
1149,56,4,1011063,In-Betweener
1150,57,3,1011064,Inertia
1151,58,0,1011146,Infant Terrible
1152,59,248,1009365,Inhumans
1153,60,2,1011293,Ink
1154,61,93,1011024,Invaders
1155,62,725,1009366,Invisible Woman
1156,63,0,1017301,Invisible Woman (Marvel: Avengers Alliance)
1157,64,52,1010934,Invisible Woman (Ultimate)
1158,65,0,1011379,Iron Cross Army
1159,66,7,1011318,Iron Fist (Bei Bang-Wen)
1160,67,391,1009367,Iron Fist (Danny Rand)
1161,68,14,1010888,Iron Fist (Orson Randall)
1162,69,1,1011413,Iron Fist (Quan Yaozu)
1163,70,0,1016839,Iron Fist (USM)
1164,71,2,1011412,Iron Fist (Wu Ao-Shi)
1165,72,15,1010704,Iron Lad
1166,73,2561,1009368,Iron Man
1167,74,0,1017320,Iron Man (Iron Man 3 - The Official Game)
1168,75,0,1017294,Iron Man (LEGO Marvel Super Heroes)
1169,76,0,1017310,Iron Man (Marvel Heroes)
1170,77,0,1017326,Iron Man (Marvel War of Heroes)
1171,78,76,1010935,Iron Man (Ultimate)
1172,79,0,1017104,Iron Man/Tony Stark (MAA)
1173,80,0,1009371,Iron Monger
1174,81,6,1009487,Iron Patriot
1175,82,76,1009538,Iron Patriot (James Rhodes)
1176,83,0,1010844,Ironclad
1177,84,277,1009372,J. Jonah Jameson
1178,85,0,1010736,Jack Flag
1179,86,8,1010786,Jack Murdock
1180,87,9,1010766,Jack O' Lantern
1181,88,6,1011251,Jack Power
1182,89,43,1011288,Jackal
1183,90,7,1011259,Jackpot
1184,91,3,1010775,James Buchanan Barnes
1185,92,3,1010777,James Howlett
1186,93,13,1011343,Jamie Braddock
1187,94,61,1010329,Jane Foster
1188,95,1,1010878,"Janus, the Nega-Man"
1189,96,20,1009597,Jasper Sitwell
1190,97,0,1011344,Jazinda
1191,98,215,1009327,Jean Grey
1192,99,52,1009496,Jean Grey
1193,0,78,1010946,Jean Grey (Ultimate)
1194,1,0,1009604,Jennifer Smith
1195,2,19,1011404,Jeryn Hogarth
1196,3,12,1010667,Jessica Drew
1197,4,155,1009378,Jessica Jones
1198,5,1,1009373,Jetstream
1199,6,22,1009374,Jigsaw
1200,7,14,1011105,Jimmy Woo
1201,8,0,1009375,Joan the Mouse
1202,9,74,1009376,Jocasta
1203,10,0,1011171,John Farson
1204,11,7,1010812,John Jameson
1205,12,0,1009500,John Porter
1206,13,5,1009721,John Wraith
1207,14,4,1009196,Johnny Blaze
1208,15,27,1009630,Johnny Storm
1209,16,37,1009380,Joseph
1210,17,0,1010938,Joshua Kane
1211,18,7,1010937,Josiah X
1212,19,5,1011033,Joystick
1213,20,245,1009381,Jubilee
1214,21,3,1010936,Jubilee (Age of Apocalypse)
1215,22,198,1009382,Juggernaut
1216,23,0,1010772,Jule Carpenter
1217,24,6,1010679,Julian Keller
1218,25,7,1011314,Junta
1219,26,75,1010760,Justice
1220,27,8,1011310,Justin Hammer
1221,28,124,1011081,Ka-Zar
1222,29,11,1011193,Kabuki
1223,30,124,1009384,Kang
1224,31,0,1014983,Karen O'Malley
1225,32,33,1011357,Karen Page
1226,33,52,1011386,Karma
1227,34,105,1009385,Karnak
1228,35,9,1010752,Karolina Dean 
1229,36,11,1010783,Kat Farrell
1230,37,12,1010810,Kate Bishop
1231,38,11,1011250,Katie Power
1232,39,6,1011319,Ken Ellis
1233,40,0,1009386,Khan
1234,41,13,1010893,Kid Colt
1235,42,4,1011397,Killer Shrike
1236,43,24,1011289,Killmonger
1237,44,38,1011116,Killraven
1238,45,2,1009388,King Bedlam
1239,46,5,1010842,King Cobra
1240,47,248,1009389,Kingpin
1241,48,0,1011308,Kinsey Walden
1242,49,328,1009508,Kitty Pryde
1243,50,0,1017476,Kitty Pryde (X-Men: Battle of the Atom)
1244,51,47,1009390,Klaw
1245,52,20,1010818,Komodo (Melati Kusuma)
1246,53,5,1011147,Korath
1247,54,18,1011080,Korg
1248,55,10,1011312,Korvac
1249,56,68,1009391,Kraven the Hunter
1250,57,23,1011148,Kree
1251,58,0,1015017,Krista Starr
1252,59,0,1011178,Kronos
1253,60,5,1011029,Kulan Gath
1254,61,0,1011058,Kylun
1255,62,2,1009392,La Nuit
1256,63,33,1011327,Lady Bullseye
1257,64,91,1009393,Lady Deathstrike
1258,65,3,1011014,Lady Mastermind
1259,66,0,1014977,Lady Ursula
1260,67,0,1014976,Lady Vermin
1261,68,0,1009394,Lake
1262,69,0,1009395,Landau
1263,70,1,1009397,Lava-Man
1264,71,41,1011100,Layla Miller
1265,72,49,1009398,Leader
1266,73,4,1011092,Leech
1267,74,88,1009399,Legion
1268,75,6,1011403,"Lei Kung, The Thunderer"
1269,76,0,1009166,Lenny Balinger
1270,77,0,1011186,Leo (Zodiac)
1271,78,0,1010340,Leopardon
1272,79,1,1011375,Leper Queen
1273,80,0,1014988,Lester
1274,81,12,1011421,Lethal Legion
1275,82,1,1010977,Lieutenant Marcus Stone
1276,83,4,1009401,Lifeguard
1277,84,1,1011408,Lightning Lords of Nepal
1278,85,36,1010450,Lightspeed
1279,86,7,1009236,Lila Cheney
1280,87,114,1009402,Lilandra
1281,88,7,1011074,Lilith
1282,89,9,1011257,Lily Hollister
1283,90,8,1010337,Lionheart
1284,91,21,1010854,Living Lightning
1285,92,8,1011036,Living Mummy
1286,93,6,1011059,Living Tribunal
1287,94,12,1009403,Liz Osborn
1288,95,88,1009404,Lizard
1289,96,2,1010939,Lizard (Ultimate)
1290,97,6,1011414,Loa
1291,98,65,1009405,Lockheed
1292,99,82,1009406,Lockjaw
1293,0,30,1010363,Logan
1294,1,374,1009407,Loki
1295,2,0,1017299,Loki (LEGO Marvel Super Heroes)
1296,3,6,1010768,Loners
1297,4,86,1009408,Longshot
1298,5,4,1010940,Longshot (Ultimate)
1299,6,1,1011145,Lord Hawal
1300,7,0,1014980,Lord Tyger
1301,8,0,1011283,Lords of Avalon
1302,9,8,1009260,Lorna Dane
1303,10,0,1009409,Luckman
1304,11,1,1011405,Lucky Pierre
1305,12,0,1010751,Lucy in the Sky
1306,13,381,1009215,Luke Cage
1307,14,0,1011200,Luminals
1308,15,28,1010896,Lyja
1309,16,38,1011068,M (Monet St. Croix)
1310,17,5,1011004,M.O.D.A.M.
1311,18,2,1011320,M.O.D.O.G.
1312,19,46,1010726,M.O.D.O.K.
1313,20,0,1017321,M.O.D.O.K. (Iron Man 3 - The Official Game)
1314,21,2,1009418,Ma Gnuci
1315,22,0,1009314,Mac Gargan
1316,23,8,1010851,Mach IV
1317,24,94,1010805,Machine Man
1318,25,34,1009411,Mad Thinker
1319,26,16,1009412,Madame Hydra
1320,27,31,1010352,Madame Masque
1321,28,1,1010796,Madame Web (Julia Carpenter)
1322,29,2,1010724,Maddog
1323,30,17,1009509,Madelyne Pryor
1324,31,1,1011205,Madripoor
1325,32,84,1009413,Madrox
1326,33,4,1011053,Maelstrom
1327,34,13,1011328,Maestro
1328,35,7,1010867,Magdalene
1329,36,23,1009414,Maggott
1330,37,2,1010942,Magik (Amanda Sefton)
1331,38,94,1009415,Magik (Illyana Rasputin)
1332,39,0,1011135,Maginty
1333,40,59,1009416,Magma (Amara Aquilla)
1334,41,455,1009417,Magneto
1335,42,9,1010944,Magneto (Age of Apocalypse)
1336,43,10,1010945,Magneto (House of M)
1337,44,36,1010943,Magneto (Ultimate)
1338,45,0,1017477,Magneto (X-Men: Battle of the Atom)
1339,46,17,1010904,Magus (Adam Warlock)
1340,47,4,1011364,Magus (Technarch)
1341,48,0,1011085,Major Mapleleaf
1342,49,8,1010725,Makkari
1343,50,9,1009242,Malcolm Colcord
1344,51,0,1011229,Malice (Earth-161)
1345,52,141,1009420,Man-Thing
1346,53,26,1010811,Man-Wolf
1347,54,80,1009421,Mandarin
1348,55,1,1011243,Mandrill
1349,56,2,1009422,Mandroid
1350,57,9,1009423,Manta
1351,58,50,1011026,Mantis
1352,59,16,1009424,Marauders
1353,60,0,1015018,Marcus Van Sciver
1354,61,99,1011335,Maria Hill
1355,62,12,1009735,Mariko Yashida
1356,63,82,1009425,Marrow
1357,64,0,1011173,Marten Broadcloak
1358,65,0,1011263,Martin Li
1359,66,9,1011350,Marvel Apes
1360,67,49,1009427,Marvel Boy
1361,68,31,1011002,Marvel Zombies
1362,69,2,1011417,Marvex
1363,70,396,1009708,Mary Jane Watson
1364,71,2,1010993,Mary Jane Watson (House of M)
1365,72,45,1011203,Mary Jane Watson (Ultimate)
1366,73,3,1010869,Masked Marvel (Unrevealed)
1367,74,35,1010367,Masque
1368,75,6,1010732,Master Chief
1369,76,9,1009433,Master Mold
1370,77,46,1009434,Mastermind
1371,78,23,1011279,Masters of Evil
1372,79,0,1010877,Mathemanic
1373,80,0,1009677,Matsu'o Tsurayaba
1374,81,28,1009463,Matthew Murdock
1375,82,0,1010793,Mattie Franklin
1376,83,5,1009436,Mauler
1377,84,4,1010947,Maverick (Chris Bradley)
1378,85,4,1009437,Maverick (Christoph Nord)
1379,86,28,1011305,Maximus
1380,87,165,1009490,May Parker
1381,88,165,1009438,Medusa
1382,89,18,1011399,Meggan
1383,90,70,1009439,Meltdown
1384,91,41,1011241,Menace
1385,92,3,1011099,Mentallo
1386,93,1,1011184,Mentor
1387,94,120,1009440,Mephisto
1388,95,0,1009441,Mephistopheles
1389,96,19,1010681,Mercury
1390,97,32,1009442,Mesmero
1391,98,0,1009443,Metal Master
1392,99,1,1010361,Meteorite
1393,0,0,1011340,MI: 13
1394,1,0,1009444,Micro/Macro
1395,2,6,1010690,Microbe
1396,3,12,1011134,Microchip
1397,4,2,1010871,Micromax
1398,5,0,1010891,Midnight (Earth-811)
1399,6,3,1010924,Miek
1400,7,9,1009530,Mikhail Rasputin
1401,8,0,1011192,Millenium Guard
1402,9,25,1010894,Millie the Model
1403,10,36,1009445,Mimic
1404,11,1,1011204,Mindworm
1405,12,0,1013727,Miracleman
1406,13,52,1011424,Miss America
1407,14,4,1009446,Mister Fear
1408,15,96,1009447,Mister Sinister
1409,16,0,1017318,Mister Sinister (Deadpool)
1410,17,0,1010948,Mister Sinister (House of M)
1411,18,3,1011254,Mister Sinister (Ultimate)
1412,19,159,1010682,Misty Knight
1413,20,91,1011220,Mockingbird
1414,21,27,1009410,Moira MacTaggert
1415,22,2,1010941,Moira MacTaggert (Ultimate)
1416,23,50,1009448,Mojo
1417,24,69,1009449,Mole Man
1418,25,9,1011019,Molecule Man
1419,26,17,1010691,Molly Hayes
1420,27,2,1009541,Molly Von Richtofen
1421,28,7,1011370,Molten Man
1422,29,2,1010876,Mongoose
1423,30,0,1009450,Mongu (Unrevealed)
1424,31,2,1010331,Monster Badoon
1425,32,74,1017814,Moon Girl (Lunella Layfayette)
1426,33,250,1009452,Moon Knight
1427,34,1,1010949,Moon Knight (House of M)
1428,35,8,1014998,Moon Knight (Ultimate)
1429,36,68,1009451,Moondragon
1430,37,37,1010362,Moonstone
1431,38,90,1009454,Morbius
1432,39,1,1010902,Mordo
1433,40,6,1009455,Morg
1434,41,4,1009623,Morgan Stark
1435,42,9,1011008,Morlocks
1436,43,7,1011088,Morlun
1437,44,21,1009456,Morph
1438,45,9,1009457,Mother Askani
1439,46,0,1009458,Mr. Bumpo
1440,47,586,1009459,Mr. Fantastic
1441,48,52,1010950,Mr. Fantastic (Ultimate)
1442,49,1,1010900,Mr. Fish
1443,50,22,1009460,Mr. Fixit
1444,51,33,1010347,Mr. Hyde
1445,52,6,1010840,Mr. Immortal
1446,53,0,1014984,Mr. Meugniot
1447,54,25,1011244,Mr. Negative
1448,55,0,1009461,Mr. Payback
1449,56,7,1009462,Mr. X
1450,57,178,1017577,Ms. Marvel (Kamala Khan)
1451,58,0,1011372,MS2
1452,59,11,1011210,Mulholland Black
1453,60,41,1011056,Multiple Man
1454,61,4,1010826,MVP
1455,62,80,1009464,Mysterio
1456,63,0,1010951,Mysterio (Daniel Berkhart)
1457,64,2,1010952,Mysterio (Francis Klum)
1458,65,187,1009465,Mystique
1459,66,2,1010953,Mystique (Age of Apocalypse)
1460,67,1,1010954,Mystique (House of M)
1461,68,11,1011129,Mystique (Ultimate)
1462,69,2,1013483,Nakia (Nakia)
1463,70,306,1009466,Namor
1464,71,50,1009468,Namora
1465,72,62,1009469,Namorita
1466,73,0,1014978,Naoko
1467,74,19,1009547,Natasha Romanoff
1468,75,29,1010365,Nebula
1469,76,0,1011302,Nehzno
1470,77,0,1011422,Nekra
1471,78,33,1011086,Nemesis
1472,79,0,1010831,Network
1473,80,0,1010815,New Goblin
1474,81,259,1011336,New Mutants
1475,82,94,1010683,New Warriors
1476,83,45,1011271,New X-Men
1477,84,3,1011269,Newton Destine
1478,85,1,1011303,Next Avengers
1479,86,13,1010685,Nextwave
1480,87,526,1009471,Nick Fury
1481,88,0,1017298,Nick Fury (LEGO Marvel Super Heroes)
1482,89,84,1011007,Nick Fury (Ultimate)
1483,90,21,1010746,Nico Minoru
1484,91,0,1010706,Nicolaos
1485,92,0,1011282,Night Nurse (Earth-9997)
1486,93,38,1010684,Night Thrasher
1487,94,14,1014063,Night Thrasher (Dwayne Taylor)
1488,95,614,1009472,Nightcrawler
1489,96,38,1011337,Nightcrawler (Ultimate)
1490,97,55,1010349,Nighthawk
1491,98,59,1009473,Nightmare
1492,99,3,1011124,Nightshade
